<?xml version="1.0" encoding="utf-8"?>
<edmx:Edmx Version="3.0" xmlns:edmx="http://schemas.microsoft.com/ado/2009/11/edmx">
 <!-- EF Designer content (DO NOT EDIT MANUALLY BELOW HERE) -->
  <edmx:Designer xmlns="http://schemas.microsoft.com/ado/2009/11/edmx">
    <!-- Diagram content (shape and connector positions) -->
    <edmx:Diagrams>
      <Diagram DiagramId="c9aad60e2bd349778b52c53ecffe8279" Name="Diagram1">
        <EntityTypeShape EntityType="pharmacyModel.categoriesInfo" Width="1.5" PointX="0.75" PointY="0.75" IsExpanded="true" />
        <EntityTypeShape EntityType="pharmacyModel.productsInfo" Width="1.5" PointX="2.75" PointY="0.75" IsExpanded="true" />
        <EntityTypeShape EntityType="pharmacyModel.tblcostumer" Width="1.5" PointX="4.75" PointY="0.75" IsExpanded="true" />
        <EntityTypeShape EntityType="pharmacyModel.tblmanufacturer" Width="1.5" PointX="0.75" PointY="4.75" IsExpanded="true" />
        <EntityTypeShape EntityType="pharmacyModel.usersInfo" Width="1.5" PointX="2.75" PointY="5.75" IsExpanded="true" />
      </Diagram>
    </edmx:Diagrams>
  </edmx:Designer>
</edmx:Edmx>